time,freemem@tsung_controller@ip-172-31-59-131 
0,677.02734375 
10,678.46484375 
20,678.51953125 
30,678.0625 
40,676.21875 
50,665.55078125 
