time,cpu@tsung_controller@ip-172-31-59-131 
0,0.2987804207214229 
10,0.2987804207214229 
20,0.3001500750375188 
30,0.7537688442211055 
40,1.9776876267748478 
50,10.701298701298702 
