time,freemem@tsung_controller@ip-172-31-59-131 
0,677.02734375 
10,677.02734375 
20,677.02734375 
30,677.02734375 
40,676.21875 
50,665.55078125 
