time,session 
0,16.4514 
10,16.625969696969694 
20,15.872072368421058 
30,23.790193277310916 
40,73.32150372786573 
50,411.9167372667673 
