time,page 
0,3.937433854682514 
10,7.379166373232993 
20,7.3866299972553895 
30,34.80157840688258 
40,89.1961368965109 
50,323.7057628323717 
