time,freemem@tsung_controller@ip-172-31-59-131 
0,677.02734375 
10,678.46484375 
20,678.51953125 
30,678.51953125 
40,678.51953125 
50,678.51953125 
