time,connect,request 
0,2.3266,13.858799999999999 
10,1.3424137931034483,15.311344827586208 
20,1.255871621621622,13.203141891891894 
30,1.1888181818181809,23.137150837988823 
40,0.9482723174030638,47.15253534354915 
50,1.0486597468354455,401.205081952117 
