time,page 
0,13.858799999999999 
10,15.311344827586208 
20,13.203141891891894 
30,23.137150837988823 
40,47.15253534354915 
50,401.205081952117 
