time,size_sent,size_rcv 
0,0.3671875,7.125 
10,2.1296875,41.325 
20,10.86875,210.9 
30,39.5828125,765.225 
40,162.884375,2850.9234375 
50,145.0390625,2090.00625 
