time,size_sent,size_rcv 
0,0.3671875,7.125 
10,2.496875,48.45 
20,13.365625,259.35 
30,52.9484375,1024.575 
40,215.8328125,3875.4984375 
50,360.871875,5965.5046875 
