time,connect,request 
0,1.702285710449336,3.937433854682514 
10,0.6980111409663877,7.379166373232993 
20,0.76519612642601,7.3866299972553895 
30,0.9669740229216238,34.80157840688258 
40,0.492168177213834,89.1961368965109 
50,0.7089823140926291,323.7057628323717 
