time,session 
0,4.072874100681237 
10,7.145490243311759 
20,7.908627333739611 
30,33.277863193480265 
40,135.8472657016935 
50,328.525821034813 
