time,session 
0,103.91916666666667 
10,73.53226190476191 
20,73.43626582278475 
30,78.04775856443712 
40,127.97306624999997 
48,179.38370074349442 
