time,page 
0,101.78025000000001 
10,71.58487499999998 
20,70.78439735099339 
30,73.3236642984014 
40,121.03057223618076 
48,174.1839305785124 
