time,cpu@tsung_controller@ip-172-31-59-131 
0,1.0566419620799476 
10,1.0566419620799476 
20,1.0566419620799476 
30,1.0566419620799476 
40,1.0566419620799476 
48,1.0566419620799476 
