time,freemem@tsung_controller@ip-172-31-59-131 
0,702.64453125 
10,701.6796875 
20,700.89453125 
30,700.37890625 
40,696.1640625 
48,686.24609375 
