time,load@tsung_controller@ip-172-31-59-131 
0,0.0 
10,0.0 
20,0.0 
30,0.0 
40,0.3203125 
48,0.578125 
