time,freemem@tsung_controller@ip-172-31-59-131 
0,702.64453125 
10,702.64453125 
20,702.64453125 
30,702.64453125 
40,702.64453125 
48,702.64453125 
