time,cpu@tsung_controller@ip-172-31-59-131 
0,1.0566419620799476 
10,1.0983524712930606 
20,1.655795283492223 
30,8.207452165156093 
40,38.21178821178821 
48,89.92015968063872 
