time,session 
0,84.09198238519666 
10,14.428697887097096 
20,27.89155277013703 
30,30.076076757278948 
40,53.07974418513491 
48,41.36685693658548 
