time,page 
0,83.36178898944547 
10,14.724164703281977 
20,25.85204814975937 
30,23.325138124684656 
40,52.47311811843682 
48,39.62074662137061 
